mon,Year,Month,Customer_rate,TP_Rate,Balance,ON,3M,6M,1Y,2Y,3Y,4Y,5Y
200001,2000,1,0,0,0,0.054483871,0.060356252,0.061071713,0.066287097,0.069546774,0.07093871,0.071451613,0.072340323
200002,2000,2,0,0,0,0.057348276,0.060996552,0.061712013,0.068103448,0.071658621,0.073093103,0.073639655,0.07417931
200003,2000,3,0,0,0,0.058535484,0.061932058,0.06264752,0.06851129,0.071371129,0.072428065,0.072920323,0.073238871
200004,2000,4,0,0,0,0.060196667,0.063198133,0.063913595,0.06893,0.0710455,0.071557333,0.071882333,0.071929333
200005,2000,5,0,0,0,0.062680645,0.067515323,0.068230784,0.073801613,0.07593371,0.076500484,0.076795323,0.077059355
200006,2000,6,0,0,0,0.065283333,0.06793188,0.068647342,0.072423333,0.0730655,0.073187667,0.073217167,0.0733515
200007,2000,7,0,0,0,0.065445161,0.067326819,0.068042281,0.070762903,0.071437581,0.071613065,0.071723548,0.071922742
200008,2000,8,0,0,0,0.064967742,0.066907058,0.06762252,0.069519355,0.06995371,0.070072903,0.070127097,0.070305968
200009,2000,9,0,0,0,0.06517,0.066758337,0.067473798,0.068066667,0.068096333,0.068226,0.068415667,0.068752333
200010,2000,10,0,0,0,0.065093548,0.067780252,0.068495713,0.067167742,0.066712419,0.06685371,0.067111935,0.067494839
200011,2000,11,0,0,0,0.065143333,0.067519397,0.068234858,0.06639,0.065887833,0.066191667,0.066682667,0.0671675
200012,2000,12,0,0,0,0.064022581,0.065343958,0.06605942,0.061608871,0.060408065,0.060535,0.060851129,0.06118871
200101,2001,1,0,0,0,0.059758065,0.057052823,0.057768284,0.053982258,0.054472258,0.055694032,0.056661935,0.05749629
200102,2001,2,0,0,0,0.055832143,0.053570761,0.054286222,0.051357143,0.052719821,0.054404464,0.055724821,0.056808393
200103,2001,3,0,0,0,0.054395326,0.049629435,0.050344897,0.047567742,0.049395968,0.051571774,0.053179677,0.054475323
200104,2001,4,0,0,0,0.049264227,0.046244167,0.046959628,0.045051667,0.048117667,0.051189333,0.0533295,0.055004
200105,2001,5,0,0,0,0.0429478,0.041073187,0.041788649,0.042858065,0.048055806,0.052034194,0.05459429,0.056531613
200106,2001,6,0,0,0,0.040483077,0.038410217,0.039125678,0.04056,0.046369667,0.0508865,0.053819667,0.055913833
200107,2001,7,0,0,0,0.038409884,0.037518952,0.038234413,0.0398,0.045746452,0.050438065,0.053531452,0.055666774
200108,2001,8,0,0,0,0.037232558,0.035674194,0.036389655,0.037035484,0.04252871,0.047269194,0.050477742,0.052779355
200109,2001,9,0,0,0,0.03493656,0.03043292,0.031148382,0.030973967,0.036958,0.042086333,0.04561,0.048184167
200110,2001,10,0,0,0,0.025695665,0.023989919,0.024705381,0.024996774,0.031663226,0.03768,0.041846129,0.044872742
200111,2001,11,0,0,0,0.021740787,0.021096047,0.021811508,0.024063333,0.031887333,0.038273833,0.042626167,0.045742833
200112,2001,12,0,0,0,0.019153426,0.01928811,0.020003571,0.024454839,0.035557419,0.043149516,0.04787629,0.051225323
200201,2002,1,0,0,0,0.0194094,0.0188,0.0207,0.02325,0.033883065,0.041531387,0.046415645,0.049722581
200202,2002,2,0,0,0,0.0193594,0.019,0.0205,0.02475,0.033671786,0.040583214,0.045205893,0.048606429
200203,2002,3,0,0,0,0.020075,0.0203,0.0236,0.0306,0.039583387,0.04591871,0.049951935,0.052894355
200204,2002,4,0,0,0,0.0193538,0.0192,0.0212,0.02615,0.0380155,0.044168167,0.048242167,0.051140667
200205,2002,5,0,0,0,0.0188125,0.0189625,0.021,0.0265,0.036284355,0.042355968,0.046386129,0.049401452
200206,2002,6,0,0,0,0.0203125,0.0186,0.0195,0.02315,0.033628667,0.039589333,0.0434645,0.046394167
200207,2002,7,0,0,0,0.01905,0.0182375,0.0184,0.02015,0.029086935,0.03526,0.039575806,0.042949194
200208,2002,8,0,0,0,0.0195,0.0180625,0.018,0.0194,0.024900161,0.030606452,0.035023548,0.038601452
200209,2002,9,0,0,0,0.02065,0.0179,0.0165,0.01655,0.023513167,0.028202667,0.032010833,0.035219
200210,2002,10,0,0,0,0.0195,0.0168625,0.0158,0.016,0.023085806,0.027954355,0.031884677,0.035213871
200211,2002,11,0,0,0,0.0141625,0.01425,0.0146,0.017,0.0224705,0.027835167,0.031791167,0.035055667
200212,2002,12,0,0,0,0.0140375,0.0138,0.0137,0.0143,0.021363871,0.026917742,0.031128226,0.034509677
200301,2003,1,0,0,0,0.013525,0.0135,0.0134,0.01485,0.020157258,0.025759194,0.030436129,0.034266774
200302,2003,2,0,0,0,0.0137125,0.0134,0.0131,0.0139,0.018893214,0.02449125,0.029141786,0.032945893
200303,2003,3,0,0,0,0.0151,0.0127875,0.0122,0.01265,0.018315323,0.023692097,0.028126613,0.031913226
200304,2003,4,0,0,0,0.01435,0.0131,0.0126,0.0136,0.018540667,0.024187,0.0289125,0.032829
200305,2003,5,0,0,0,0.014275,0.0128,0.0122,0.0123,0.015754032,0.020398387,0.024454516,0.027911613
200306,2003,6,0,0,0,0.0152125,0.0111625,0.0111,0.0117,0.013962167,0.018004667,0.022071333,0.025618667
200307,2003,7,0,0,0,0.0118625,0.0111438,0.0118,0.013901,0.016452581,0.022071129,0.027184516,0.031340968
200308,2003,8,0,0,0,0.0117875,0.0114,0.012,0.01445,0.021215484,0.02804,0.033476452,0.038189355
200309,2003,9,0,0,0,0.0130375,0.0116,0.0116,0.0125,0.019617167,0.026116167,0.031279667,0.035611667
200310,2003,10,0,0,0,0.0111375,0.0116938,0.0123,0.01485,0.020559839,0.026689194,0.03162129,0.035850806
200311,2003,11,0,0,0,0.0109375,0.0117188,0.0128,0.01601,0.0222595,0.028294,0.032903667,0.036671167
200312,2003,12,0,0,0,0.0108875,0.0115188,0.0122,0.01458,0.021784194,0.027837742,0.03245629,0.036117419
200401,2004,1,0,0,0,0.010675,0.0113,0.01201,0.01463,0.020540968,0.026432742,0.031097581,0.034764677
200402,2004,2,0,0,0,0.0107875,0.0112,0.0117,0.01369,0.020228793,0.026050345,0.030564138,0.034197586
200403,2004,3,0,0,0,0.011675,0.0111,0.0116,0.01342,0.018413226,0.023603226,0.027857258,0.031314516
200404,2004,4,0,0,0,0.01095,0.0118,0.0138,0.01816,0.023485167,0.02944,0.034006333,0.037567667
200405,2004,5,0,0,0,0.01085,0.01315,0.016,0.02119,0.028842097,0.035122903,0.039699516,0.043115806
200406,2004,6,0,0,0,0.0159125,0.0161,0.0191,0.02375,0.031394333,0.036833167,0.040782833,0.043788333
200407,2004,7,0,0,0,0.013775,0.017,0.0195,0.02383,0.029994677,0.034788387,0.038389516,0.04122871
200408,2004,8,0,0,0,0.01625,0.018,0.0197,0.02271,0.028431774,0.032836613,0.036234194,0.038989355
200409,2004,9,0,0,0,0.0193125,0.0202,0.022,0.02488,0.028595,0.032407833,0.035353167,0.037796
200410,2004,10,0,0,0,0.01885,0.0217,0.0232,0.02542,0.028869677,0.032320161,0.035089677,0.037414194
200411,2004,11,0,0,0,0.021275,0.0241,0.0263,0.02973,0.032097333,0.034836833,0.0371345,0.039218833
200412,2004,12,0,0,0,0.0234625,0.0256438,0.0278,0.03096,0.033519194,0.03584,0.037819839,0.039626613
200501,2005,1,0,0,0,0.025225,0.0275,0.0296,0.03282,0.035445,0.037515323,0.039180968,0.040641452
200502,2005,2,0,0,0,0.0264625,0.0292,0.0318,0.03566,0.0372225,0.039020357,0.0403125,0.041364464
200503,2005,3,0,0,0,0.0291,0.0312,0.03363,0.03808,0.040976935,0.043110323,0.044535806,0.045669677
200504,2005,4,0,0,0,0.030425,0.0321,0.0342,0.03731,0.040326833,0.042104667,0.043323833,0.044332333
200505,2005,5,0,0,0,0.0310375,0.033375,0.0352,0.03769,0.039910323,0.041141613,0.042010968,0.04275871
200506,2005,6,0,0,0,0.0342531,0.0351625,0.0373,0.03911,0.039595833,0.040379333,0.040987667,0.041583167
200507,2005,7,0,0,0,0.0336375,0.037,0.0396,0.04221,0.041978065,0.042813871,0.043376774,0.043842032
200508,2005,8,0,0,0,0.0362,0.0387,0.04,0.04112,0.044035484,0.044626129,0.045028387,0.045415645
200509,2005,9,0,0,0,0.03945,0.04065,0.0426,0.04492,0.042969,0.043420833,0.043809833,0.044195333
200510,2005,10,0,0,0,0.040625,0.0426,0.04471,0.04718,0.046597903,0.047016935,0.047365,0.047728871
200511,2005,11,0,0,0,0.040775,0.0442,0.0462,0.04819,0.0483595,0.048664167,0.0489985,0.0493285
200512,2005,12,0,0,0,0.0434125,0.0453625,0.04703,0.04847,0.04839129,0.048485806,0.04874371,0.048993548
200601,2006,1,0,0,0,0.0456375,0.0468,0.04818,0.0495,0.047979516,0.047850323,0.047995323,0.048189839
200602,2006,2,0,0,0,0.045975,0.048225,0.04971,0.05117,0.050576429,0.050442679,0.050505714,0.050597143
200603,2006,3,0,0,0,0.049,0.05,0.05153,0.05286,0.051563258,0.051527677,0.051654129,0.051830774
200604,2006,4,0,0,0,0.0494125,0.0513,0.05215,0.0531,0.053184767,0.053264,0.053546467,0.053878433
200605,2006,5,0,0,0,0.0512125,0.0523813,0.05364,0.05486,0.053997839,0.054129548,0.054438484,0.054801548
200606,2006,6,0,0,0,0.0536875,0.0548063,0.05578,0.05664,0.055540433,0.0554767,0.055627033,0.055807733
200607,2006,7,0,0,0,0.053425,0.0546563,0.05509,0.05524,0.055659613,0.05549971,0.055634677,0.055827839
200608,2006,8,0,0,0,0.0533125,0.053975,0.05419,0.05384,0.053284161,0.052852,0.052918935,0.053147613
200609,2006,9,0,0,0,0.05375,0.0537,0.05378,0.05314,0.0517575,0.051209267,0.051235833,0.051442967
200610,2006,10,0,0,0,0.0533,0.0537063,0.0538,0.05301,0.051796419,0.051382935,0.051425806,0.051579548
200611,2006,11,0,0,0,0.0533,0.0537,0.0534,0.05209,0.0508711,0.0501811,0.0500586,0.050137933
200612,2006,12,0,0,0,0.053425,0.0536,0.0537,0.05341,0.050166742,0.049401484,0.049292581,0.049400355
200701,2007,1,0,0,0,0.0533125,0.0536,0.05404,0.05418,0.052179387,0.051554581,0.051451484,0.051549581
200702,2007,2,0,0,0,0.05345,0.0534813,0.05332,0.05255,0.052050786,0.051392857,0.051274821,0.051386607
200703,2007,3,0,0,0,0.0547813,0.0535,0.05333,0.05241,0.049780581,0.049171871,0.049192548,0.049446226
200704,2007,4,0,0,0,0.0535813,0.05355,0.05352,0.05284,0.050629667,0.050101533,0.050208433,0.050528167
200705,2007,5,0,0,0,0.0536375,0.0536,0.05391,0.05437,0.051650097,0.051161258,0.05120471,0.051421742
200706,2007,6,0,0,0,0.055,0.0536,0.05391,0.05414,0.054206967,0.054537933,0.054948833,0.0553928
200707,2007,7,0,0,0,0.0543375,0.0535866,0.05308,0.05228,0.053070903,0.053509677,0.054100484,0.054659871
200708,2007,8,0,0,0,0.055875,0.0562125,0.0533,0.05063,0.049556871,0.049922677,0.05057671,0.051241484
200709,2007,9,0,0,0,0.0530375,0.0522875,0.05036,0.0483,0.04679,0.047325,0.0478835,0.048571833
200710,2007,10,0,0,0,0.0500625,0.0489375,0.04795,0.04679,0.046015,0.046675,0.047532,0.048415
200711,2007,11,0,0,0,0.0471625,0.0513125,0.04726,0.04258,0.03925,0.039591,0.040683,0.041825
200712,2007,12,0,0,0,0.048225,0.047025,0.04457,0.04072,0.03832,0.039261,0.040653,0.041995
200801,2008,1,0,0,0,0.0316375,0.0311188,0.029,0.02691,0.02805,0.030406,0.032788,0.034995
200802,2008,2,0,0,0,0.031625,0.030575,0.0273,0.02507,0.025305,0.028065,0.030995,0.03375
200803,2008,3,0,0,0,0.0318125,0.0268813,0.02467,0.02318,0.024345,0.027485,0.030575,0.033135
200804,2008,4,0,0,0,0.02655,0.0285,0.02769,0.02846,0.031175,0.033945,0.036195,0.037935
200805,2008,5,0,0,0,0.0253875,0.0268063,0.0276,0.03014,0.0348,0.038305,0.04086,0.04254
200806,2008,6,0,0,0,0.0360625,0.0278313,0.02924,0.03129,0.035685,0.03918,0.04134,0.042775
200807,2008,7,0,0,0,0.023225,0.0279125,0.02878,0.03021,0.034335,0.03783,0.0401,0.041715
200808,2008,8,0,0,0,0.0224875,0.0281063,0.02914,0.03,0.033525,0.03675,0.038975,0.040455
200809,2008,9,0,0,0,0.013275,0.040525,0.03648,0.03366,0.034625,0.03752,0.03968,0.041095
200810,2008,10,0,0,0,0.0040625,0.0302625,0.02638,0.02567,0.02779,0.032375,0.036045,0.038705
200811,2008,11,0,0,0,0.011625,0.0221688,0.02095,0.02054,0.0212,0.02344,0.02577,0.02783
200812,2008,12,0,0,0,0.00135,0.01425,0.01272,0.01303,0.014895,0.017795,0.01997,0.021515
200901,2009,1,0,0,0,0.00305,0.0118438,0.01212,0.01335,0.016665,0.020455,0.023095,0.02527
200902,2009,2,0,0,0,0.003625,0.0126438,0.01281,0.01375,0.01685,0.020725,0.02403,0.02681
200903,2009,3,0,0,0,0.0051,0.0119188,0.01154,0.01184,0.01391,0.017005,0.01984,0.022255
200904,2009,4,0,0,0,0.0023125,0.0101625,0.01006,0.01106,0.014895,0.019445,0.02305,0.025845
200905,2009,5,0,0,0,0.0027125,0.0065625,0.00696,0.00854,0.01346,0.01937,0.02418,0.02785
200906,2009,6,0,0,0,0.002775,0.00595,0.00696,0.00891,0.015506,0.021682,0.02639,0.029947
200907,2009,7,0,0,0,0.00235,0.0047938,0.00564,0.00793,0.014874,0.020972,0.025565,0.029004
200908,2009,8,0,0,0,0.0022938,0.003475,0.00402,0.00638,0.013409,0.019693,0.02425,0.027775
200909,2009,9,0,0,0,0.0021125,0.0028688,0.00352,0.00614,0.013011,0.018857,0.0233,0.026701
200910,2009,10,0,0,0,0.0017875,0.0028063,0.00351,0.00593,0.012625,0.018613,0.023205,0.026817
200911,2009,11,0,0,0,0.001825,0.0025656,0.00315,0.00473,0.010158,0.015491,0.019905,0.023421
200912,2009,12,0,0,0,0.0016875,0.0025063,0.00344,0.00679,0.014372,0.020668,0.0259,0.030005
201001,2010,1,0.001750987,0,0,0.0017313,0.0024906,0.00302,0.00497,0.011207,0.017295,0.02239,0.026516
201002,2010,2,0.001791725,0,0,0.0017375,0.0025169,0.00304,0.00467,0.010832,0.016901,0.02197,0.026193
201003,2010,3,0.001816031,0,0,0.0022513,0.002915,0.00352,0.00566,0.012083,0.018192,0.02327,0.027527
201004,2010,4,0.001825838,0,0,0.0026313,0.0034656,0.00452,0.00665,0.012155,0.017634,0.0223,0.026291
201005,2010,5,0.001857054,0,0,0.0029875,0.0053625,0.0067,0.00881,0.013417,0.017813,0.0219,0.025488
201006,2010,6,0.001850958,0,0,0.0030563,0.0053394,0.00624,0.00733,0.009853,0.013439,0.01724,0.020683
201007,2010,7,0.001860988,0,0,0.0024094,0.0045375,0.00446,0.00487,0.007501,0.010881,0.01441,0.017972
201008,2010,8,0.002120258,0,0,0.0022813,0.0029563,0.00354,0.00435,0.006707,0.009647,0.012775,0.015801
201009,2010,9,0.002162099,0,0,0.0022625,0.0029,0.00337,0.00413,0.006221,0.008941,0.012105,0.015343
201010,2010,10,0.002126812,0,0,0.0022563,0.0028594,0.00328,0.00377,0.005132,0.007446,0.01075,0.014435
201011,2010,11,0.001677245,0,0,0.0023625,0.0030031,0.00447,0.00549,0.007768,0.010424,0.01398,0.017761
201012,2010,12,0.001821722,0,0,0.0025188,0.0030281,0.00348,0.00468,0.008239,0.012886,0.017655,0.021946
201101,2011,1,0.001847193,0,0,0.0023531,0.0030438,0.00347,0.00439,0.00816,0.012813,0.017595,0.022023
201102,2011,2,0.001861551,0,0,0.002255,0.003095,0.00338,0.00426,0.00897,0.01442,0.01932,0.02369
201103,2011,3,0.001925457,0,0,0.001845,0.00303,0.00352,0.00485,0.01021,0.01588,0.020755,0.024855
201104,2011,4,0.001816039,0,0,0.0013375,0.00273,0.00302,0.00385,0.008,0.012825,0.017515,0.021715
201105,2011,5,0.001812235,0,0,0.00128,0.0025288,0.00289,0.00375,0.006835,0.011045,0.01541,0.019545
201106,2011,6,0.001511863,0,0,0.00128,0.0024575,0.00315,0.0039,0.007155,0.01166,0.01624,0.020535
201107,2011,7,0.001268007,0,0,0.0013125,0.002555,0.00352,0.00454,0.00606,0.0088,0.01249,0.016445
201108,2011,8,0.001140206,0,0,0.0014667,0.0032722,0.00414,0.00475,0.005125,0.00667,0.009585,0.01286
201109,2011,9,0.001207131,0,0,0.0015222,0.0037433,0.00458,0.00535,0.00593,0.007575,0.010065,0.01275
201110,2011,10,0.001133509,0,0,0.0014222,0.0042944,0.00494,0.00536,0.00578,0.00726,0.00988,0.012915
201111,2011,11,0.001096771,0,0,0.00145,0.0052889,0.00568,0.0063,0.00687,0.008265,0.01069,0.013415
201112,2011,12,0.001069959,0,0,0.00154,0.00581,0.00621,0.00689,0.007375,0.008395,0.01028,0.01247
201201,2012,1,0.001148535,0,0,0.001395,0.0054235,0.00502,0.00498,0.00533,0.006105,0.00785,0.010095
201202,2012,2,0.001139479,0,0,0.00139,0.0048425,0.00473,0.00496,0.00574,0.006875,0.00894,0.01129
201203,2012,3,0.001171986,0,0,0.001525,0.0046815,0.00481,0.005,0.00596,0.00774,0.01024,0.01292
201204,2012,4,0.001382228,0,0,0.00147,0.0046585,0.00481,0.00506,0.00574,0.00684,0.00888,0.011145
201205,2012,5,0.001506311,0,0,0.00156,0.0046685,0.00508,0.0057,0.00635,0.00702,0.00845,0.0102
201206,2012,6,0.001574704,0,0,0.001695,0.004606,0.00481,0.00508,0.00563,0.00645,0.00793,0.009835
201207,2012,7,0.001541309,0,0,0.001614,0.004426,0.00413,0.00405,0.004355,0.004935,0.00623,0.00801
201208,2012,8,0.001842659,0,0,0.001504,0.0041825,0.00392,0.004,0.004255,0.00484,0.006085,0.007925
201209,2012,9,0.001328294,0,0,0.001516,0.003585,0.00345,0.00344,0.003845,0.00457,0.00595,0.00785
201210,2012,10,0.001448132,0,0,0.00156,0.0031275,0.00317,0.0034,0.004035,0.004965,0.00651,0.008455
201211,2012,11,0.001714242,0,0,0.001605,0.003105,0.0032,0.00342,0.00397,0.004655,0.00595,0.007745
201212,2012,12,0.001454918,0,0,0.00168,0.00306,0.00311,0.00334,0.004105,0.005,0.00657,0.00862
201301,2013,1,0.001390293,0,0,0.00154,0.00298,0.00314,0.00346,0.004515,0.00593,0.007985,0.01048
201302,2013,2,0.001449072,0,0,0.00153,0.002871,0.00306,0.00328,0.004075,0.00522,0.00709,0.009455
201303,2013,3,0.00153164,0,0,0.00156,0.002826,0.003085,0.0036,0.00439,0.005495,0.007315,0.009705
201304,2013,4,0.001443237,0,0,0.00147,0.002731,0.00277,0.00297,0.003695,0.004695,0.00641,0.008575
201305,2013,5,0.001543249,0,0,0.001322,0.0027525,0.00291,0.003389,0.0048,0.006785,0.009445,0.01226
201306,2013,6,0.001519173,0,0,0.00125,0.002731,0.00303,0.003605,0.005295,0.008385,0.012145,0.01586
201307,2013,7,0.001661108,0,0,0.001187,0.002656,0.00286,0.00334,0.004985,0.00789,0.011815,0.015705
201308,2013,8,0.001743079,0,0,0.001163,0.002595,0.002786,0.0035,0.005935,0.00995,0.01425,0.01831
201309,2013,9,0.001704107,0,0,0.001052,0.0024885,0.00272,0.003145,0.004825,0.00782,0.011695,0.01555
201310,2013,10,0.001859513,0,0,0.001037,0.00242,0.00256,0.002935,0.00443,0.00718,0.010975,0.014845
201311,2013,11,0.001797525,0,0,0.001047,0.002391,0.00246,0.00282,0.003955,0.00671,0.010685,0.014895
201312,2013,12,0.001955507,0,0,0.000795,0.002461,0.0027,0.00329,0.005135,0.00896,0.01363,0.018085
201401,2014,1,0.001289798,0,34753184353,0.000862,0.002366,0.00252,0.00292,0.00481,0.00833,0.012415,0.01627
201402,2014,2,0.001317579,0,38193913140,0.0009,0.0023565,0.00243,0.00276,0.004665,0.00829,0.012345,0.016225
201403,2014,3,0.001191813,0,32962247372,0.000855,0.002306,0.00237,0.00271,0.00565,0.01012,0.01449,0.018205
201404,2014,4,0.001328984,0,33103005133,0.000876,0.0022335,0.0023,0.002625,0.0055,0.009945,0.014215,0.01776
201405,2014,5,0.0013019,0,32751557922,0.000866,0.002274,0.00235,0.00277,0.005325,0.00932,0.013105,0.0164
201406,2014,6,0.001261883,0,34300996393,0.000936,0.002307,0.00244,0.00294,0.005975,0.01016,0.01404,0.0172
201407,2014,7,0.001217518,0,36386545607,0.000865,0.002391,0.00251,0.003395,0.007495,0.01217,0.016115,0.01903
201408,2014,8,0.001088196,0,34526174308,0.000895,0.002336,0.00244,0.00339,0.0073,0.011675,0.015295,0.017935
201409,2014,9,0.001049502,0,34534564625,0.000808,0.002351,0.00245,0.003615,0.008405,0.01314,0.016835,0.019515
201410,2014,10,0.001038624,0,36423469670,0.00088,0.002321,0.0024,0.00326,0.007215,0.01157,0.015095,0.01776
201411,2014,11,0.001098039,0,38865096732,0.000977,0.002336,0.002449,0.003355,0.007005,0.01087,0.01401,0.016405
201412,2014,12,0.001141311,0,42088309525,0.000852,0.002556,0.00287,0.004448,0.00904,0.013065,0.015905,0.017905
201501,2015,1,0.001177251,0,41550753264,0.00115,0.002531,0.0029,0.003975,0.007085,0.00979,0.011875,0.013515
201502,2015,2,0.001166489,0,39098683519,0.00116,0.0026185,0.0031,0.00477,0.008905,0.01241,0.014865,0.01669
201503,2015,3,0.0010696,0,38144079569,0.00114,0.0027075,0.00315,0.00474,0.00827,0.01133,0.013675,0.0155
201504,2015,4,0.000997388,0,40900639166,0.0012,0.0027875,0.00325,0.00482,0.00843,0.01159,0.014025,0.016015
201505,2015,5,0.001102115,0,39456541463,0.00121,0.0028375,0.00334,0.004885,0.00865,0.01186,0.014435,0.016535
201506,2015,6,0.000940642,0,38190370275,0.00112,0.002832,0.00346,0.00517,0.009245,0.012725,0.015625,0.01808
201507,2015,7,0.000847818,0,37975756440,0.001214,0.003086,0.0038,0.005435,0.009215,0.01226,0.01477,0.016875
201508,2015,8,0.000759588,0,36537889848,0.001335,0.00329,0.00398,0.00551,0.009165,0.012125,0.014625,0.016705
201509,2015,9,0.000988593,0,36836709546,0.001162,0.00325,0.0038,0.004975,0.00771,0.010045,0.012115,0.014045
201510,2015,10,0.000943291,0,36701228005,0.001248,0.003341,0.00404,0.00554,0.008655,0.01122,0.01333,0.015175
201511,2015,11,0.00097323,0,35491602043,0.00128,0.004162,0.00515,0.00689,0.01012,0.012515,0.014345,0.01585
201512,2015,12,0.000910838,0,33623041303,0.002745,0.006127,0.00697,0.008715,0.011915,0.014155,0.016,0.017515
201601,2016,1,0.000992553,0,35230017499,0.003674,0.006126,0.006325,0.00696,0.00861,0.010225,0.011705,0.01308
201602,2016,2,0.001602396,0,34428478305,0.003715,0.006331,0.00689,0.007425,0.008303,0.00924,0.010291,0.011343
201603,2016,3,0.001664458,0,36130802214,0.003831,0.006286,0.006788,0.0074,0.008413,0.00948,0.010603,0.01172
201604,2016,4,0.001589347,0,35049207798,0.003837,0.006366,0.006998,0.007823,0.009189,0.010403,0.01157,0.012667
201605,2016,5,0.001670066,0,33526045078,0.003865,0.006858,0.007638,0.008715,0.010295,0.011495,0.012489,0.013378
201606,2016,6,0.001750785,0,34045099035,0.004116,0.006541,0.006665,0.006755,0.007345,0.008078,0.008928,0.00983
201607,2016,7,0.001831504,0,33809698017,0.004129,0.007591,0.008018,0.008235,0.008805,0.009333,0.009905,0.010516
201608,2016,8,0.001912223,0,32587720662,0.0041944,0.0083933,0.00893,0.00966,0.01052,0.011127,0.011682,0.012203
201609,2016,9,0.001992941,0,33803247428,0.0042378,0.0085367,0.00901,0.00946,0.01013,0.010685,0.011228,0.011813
201610,2016,10,0.00207366,0,33264346645,0.0043344,0.0088428,0.009265,0.009885,0.010805,0.01162,0.012463,0.01331
201611,2016,11,0.002154379,0,31783752309,0.0043056,0.0093417,0.00992,0.011028,0.013203,0.015195,0.016829,0.018142
201612,2016,12,0.002276679,0,33425596403,0.0069211,0.0099789,0.01043,0.011909,0.014523,0.016898,0.0185,0.019752
201701,2017,1,0.002524177,0,32654032533,0.0069,0.0103456,0.011018,0.012464,0.014976,0.017,0.018615,0.019873
201702,2017,2,0.002591406,0,33135229516,0.0068056,0.01064,0.012105,0.013578,0.016095,0.017975,0.019385,0.020477
201703,2017,3,0.002844161,0,31885520572,0.0092167,0.0114956,0.0125,0.013836,0.016176,0.01807,0.01945,0.020523
201704,2017,4,0.003370763,0,30669367030,0.0092944,0.0117233,0.012835,0.0139,0.015725,0.017196,0.018363,0.019327
201705,2017,5,0.003557774,0,30333777112,0.0092889,0.0121,0.012795,0.013565,0.01518,0.01641,0.01743,0.018295
201706,2017,6,0.003761868,0,29121787971,0.0116167,0.0129917,0.01371,0.014571,0.016115,0.01745,0.01859,0.019575
201707,2017,7,0.004159199,0,28158274420,0.0117611,0.0131056,0.013825,0.014595,0.01602,0.017145,0.01813,0.019055
201708,2017,8,0.004298542,0,27800967032,0.0117556,0.0131778,0.0137,0.014385,0.01539,0.016185,0.01692,0.017615
201709,2017,9,0.004460435,0,28191808183,0.0118167,0.0133389,0.01435,0.015653,0.01744,0.01851,0.019375,0.020155
201710,2017,10,0.004256317,0,29520493383,0.0118222,0.0138122,0.01483,0.016403,0.01822,0.019345,0.0202,0.02089
201711,2017,11,0.004582517,0,29357245414,0.0118,0.0148738,0.016115,0.017832,0.019665,0.02068,0.021385,0.02199
201712,2017,12,0.005079527,0,30860613741,0.0142875,0.0169428,0.017535,0.018992,0.020675,0.021625,0.02214,0.02245
201801,2018,1,0.005160659,0,29267092094,0.0143938,0.0177777,0.018965,0.02096,0.023305,0.024695,0.02545,0.02591
201802,2018,2,0.005077954,0,28271849558,0.014425,0.0201719,0.02181,0.023187,0.02536,0.02651,0.02717,0.02752
201803,2018,3,0.005210662,0,29426434403,0.0169688,0.0231175,0.023535,0.0242,0.025705,0.026495,0.02683,0.027045
201804,2018,4,0.005999902,0,28526230570,0.0170369,0.0236294,0.024465,0.025508,0.027475,0.028425,0.02891,0.02912
201805,2018,5,0.006233712,0,30511549298,0.0169,0.0236906,0.02368406,0.02544,0.02738,0.02829,0.0287,0.02892
201806,2018,6,0.006739287,0,27059808704,0.019462274,0.023990642,0.025065299,0.026344203,0.028067495,0.028810655,0.029125044,0.029283826
201807,2018,7,0.006975468,0,27163844880,0.019430492,0.024285639,0.025491332,0.026738009,0.028325934,0.028984908,0.029250746,0.029388793
201808,2018,8,0.007258583,0,28929847514,0.019580818,0.024782385,0.025960985,0.027141285,0.028575526,0.02915484,0.029373761,0.02948993
201809,2018,9,0.007620392,0,29106358001,0.021330596,0.025281474,0.026404206,0.027516431,0.028809226,0.029304245,0.029483239,0.029582031
201810,2018,10,0.007807051,0,28571666894,0.021313835,0.025846922,0.026876543,0.027896073,0.029035721,0.029454762,0.029592826,0.029674728
201811,2018,11,0.008019579,0,28858606329,0.02150997,0.026287275,0.02726723,0.028223327,0.029231219,0.029580041,0.029682376,0.029751791
201812,2018,12,0.008268263,0,27770951362,0.0226637,0.026677915,0.027645455,0.028526379,0.029401992,0.029689089,0.029761092,0.0298199
201901,2019,1,0.008409964,0,29509347896,0.022697275,0.027025972,0.028001526,0.0287992,0.02955868,0.029785422,0.029831601,0.029882344
201902,2019,2,0.008538653,0,27261537171,0.022747068,0.02733149,0.028316999,0.029044117,0.029692595,0.02986656,0.02989024,0.02993483
201903,2019,3,0.008778719,0,28216969153,0.023905714,0.027681877,0.02864459,0.029286245,0.029816944,0.029939365,0.029943875,0.029983329
201904,2019,4,0.008917714,0,27138314810,0.023996468,0.028009082,0.028905924,0.029482234,0.029919121,0.030000697,0.029989739,0.030025503
201905,2019,5,0.009050889,0,27233176818,0.024037643,0.028365187,0.029174354,0.029674723,0.030016885,0.030058836,0.030034524,0.030067592
201906,2019,6,0.00923655,0,27387331404,0.024899985,0.028616438,0.029385982,0.029821693,0.030088396,0.030098865,0.030066252,0.030098108
201907,2019,7,0.009344118,0,28389282372,0.024986066,0.028825791,0.029605262,0.029946814,0.030149533,0.030132098,0.030094383,0.030126219
201908,2019,8,0.009469927,0,28604414333,0.025140897,0.028999044,0.029785927,0.030047335,0.030197629,0.030156448,0.030116237,0.030149281
201909,2019,9,0.009536778,0,27304357849,0.025354695,0.029166143,0.029933661,0.030129023,0.030232734,0.030173496,0.030132942,0.030167373
201910,2019,10,0.009616442,0,29134958092,0.025568701,0.02937571,0.030075999,0.030200308,0.03026348,0.030187034,0.030148682,0.030184949
201911,2019,11,0.009703124,0,26258539331,0.025788211,0.02955967,0.030181326,0.030258571,0.030285627,0.030195974,0.030160551,0.030199403
201912,2019,12,0.009788459,0,28920505903,0.025998126,0.029687438,0.030258543,0.030304988,0.030296927,0.030197819,0.030167399,0.03020939
202001,2020,1,0.009863087,0,27365499903,0.026156553,0.029759078,0.030296736,0.03033731,0.030297808,0.030193404,0.030170881,0.030217012
202002,2020,2,0.009918274,0,27464481014,0.02624832,0.02978158,0.030313364,0.030356375,0.030292448,0.030186873,0.030172165,0.030222189
202003,2020,3,0.009949518,0,27549154867,0.02627944,0.029797703,0.030323832,0.030368784,0.030283798,0.030178368,0.030171708,0.03022535
202004,2020,4,0.009961322,0,28660970528,0.026277019,0.029805489,0.030326291,0.030371649,0.030271702,0.030168897,0.03017221,0.030229716
202005,2020,5,0.009967242,0,26980934399,0.026292271,0.029815794,0.030339342,0.030370665,0.030259103,0.030161653,0.030172683,0.030233937
202006,2020,6,0.009972672,0,29246035454,0.026313002,0.029820003,0.030355233,0.030366676,0.030245859,0.030154249,0.030173328,0.030237518
202007,2020,7,0.009975605,0,26697239900,0.026309676,0.029816281,0.030377986,0.030358308,0.03022877,0.030146293,0.030174218,0.030241401
202008,2020,8,0.009977554,0,27994294828,0.02631072,0.029828189,0.030398924,0.030350755,0.030213071,0.030140525,0.030176126,0.030245795
202009,2020,9,0.009975626,0,28572128491,0.026302222,0.029855611,0.03041509,0.030340102,0.030196515,0.03013428,0.03017847,0.030250375
202010,2020,10,0.00997677,0,28352682456,0.026311668,0.029905658,0.030417789,0.030328133,0.030179485,0.030129994,0.030180717,0.030254697
202011,2020,11,0.009986407,0,26756863194,0.02635938,0.029942113,0.030406587,0.030313341,0.030163359,0.030126014,0.030183574,0.030259843
202012,2020,12,0.010006026,0,27894968171,0.026428896,0.029942183,0.030378486,0.030288154,0.030141124,0.030118764,0.03018453,0.030262961
202101,2021,1,0.010022431,0,27669279482,0.026452304,0.029898254,0.030339364,0.03025805,0.030119018,0.030112952,0.030185042,0.030266511
202102,2021,2,0.010026363,0,27922256900,0.026425501,0.02984014,0.030300605,0.03022837,0.030098997,0.030107654,0.03018617,0.030270548
202103,2021,3,0.010009209,0,28245069462,0.026341429,0.02978488,0.030264965,0.030195393,0.030078244,0.030102033,0.030188193,0.030275666
202104,2021,4,0.009984036,0,26600005986,0.026271001,0.029752365,0.030238507,0.030169066,0.03006343,0.030102268,0.030191857,0.030282804
202105,2021,5,0.0099601,0,28944173993,0.026228576,0.029734996,0.030220354,0.030147309,0.030054083,0.030104488,0.030197952,0.030291713
202106,2021,6,0.00994378,0,26208364634,0.026203401,0.029716621,0.030198599,0.03012047,0.03004271,0.030105208,0.030204177,0.030302492
202107,2021,7,0.009932431,0,29750221770,0.026180456,0.029697499,0.03017776,0.030095758,0.030036311,0.03010961,0.03021022,0.030313072
202108,2021,8,0.009923192,0,27573324407,0.02615832,0.02967964,0.030154336,0.030074394,0.030032344,0.03011524,0.030217831,0.030325014
202109,2021,9,0.009912959,0,26609359439,0.026129693,0.029654459,0.030124972,0.030049088,0.030027236,0.030121845,0.030226461,0.030338085
202110,2021,10,0.009902343,0,27241082846,0.026101996,0.029630658,0.03009832,0.030027713,0.030027815,0.030129008,0.030235022,0.030351318
202111,2021,11,0.009891189,0,26703224191,0.026074387,0.029607519,0.030072078,0.030010612,0.030029586,0.030138351,0.030245377,0.030366161
202112,2021,12,0.009878591,0,27251000000,0.026039052,0.029574512,0.030040368,0.029990175,0.030030675,0.030148199,0.030256243,0.030381307